{
  "project_info": {
    "project_number": "207631299355",
    "project_id": "my-app-43462",
    "storage_bucket": "my-app-43462.appspot.com"
  },
  "client": [
    {
      "client_info": {
        "mobilesdk_app_id": "1:207631299355:android:d056a2e633287bb58159be",
        "android_client_info": {
          "package_name": "com.android.myapp"
        }
      },
      "oauth_client": [
        {
          "client_id": "207631299355-22iq0cem0a8i1r1mv50gs0n1d8o0ag63.apps.googleusercontent.com",
          "client_type": 3
        }
      ],
      "api_key": [
        {
          "current_key": "AIzaSyDtEA5agqOn40o43Osuz6sjuVn8PrC74j0"
        }
      ],
      "services": {
        "appinvite_service": {
          "other_platform_oauth_client": [
            {
              "client_id": "207631299355-22iq0cem0a8i1r1mv50gs0n1d8o0ag63.apps.googleusercontent.com",
              "client_type": 3
            }
          ]
        }
      }
    },
    {
      "client_info": {
        "mobilesdk_app_id": "1:207631299355:android:49d6067798d2b0e88159be",
        "android_client_info": {
          "package_name": "com.android.mydatabaseapp"
        }
      },
      "oauth_client": [
        {
          "client_id": "207631299355-22iq0cem0a8i1r1mv50gs0n1d8o0ag63.apps.googleusercontent.com",
          "client_type": 3
        }
      ],
      "api_key": [
        {
          "current_key": "AIzaSyDtEA5agqOn40o43Osuz6sjuVn8PrC74j0"
        }
      ],
      "services": {
        "appinvite_service": {
          "other_platform_oauth_client": [
            {
              "client_id": "207631299355-22iq0cem0a8i1r1mv50gs0n1d8o0ag63.apps.googleusercontent.com",
              "client_type": 3
            }
          ]
        }
      }
    }
  ],
  "configuration_version": "1"
}