{
  "project_info": {
    "project_number": "289716968571",
    "firebase_url": "https://databaseapp-65ae7-default-rtdb.firebaseio.com",
    "project_id": "databaseapp-65ae7",
    "storage_bucket": "databaseapp-65ae7.appspot.com"
  },
  "client": [
    {
      "client_info": {
        "mobilesdk_app_id": "1:289716968571:android:68f1e4949f1fad164c96de",
        "android_client_info": {
          "package_name": "com.android.databaseapp"
        }
      },
      "oauth_client": [
        {
          "client_id": "289716968571-asgde5hbrl9j4t4shsntu3sbb83emkh6.apps.googleusercontent.com",
          "client_type": 3
        }
      ],
      "api_key": [
        {
          "current_key": "AIzaSyAin_c9b1ZCr4FqDdjvc6ZN32-5FAko1_g"
        }
      ],
      "services": {
        "appinvite_service": {
          "other_platform_oauth_client": [
            {
              "client_id": "289716968571-asgde5hbrl9j4t4shsntu3sbb83emkh6.apps.googleusercontent.com",
              "client_type": 3
            }
          ]
        }
      }
    },
    {
      "client_info": {
        "mobilesdk_app_id": "1:289716968571:android:de47e3cc4e6e9f434c96de",
        "android_client_info": {
          "package_name": "com.android.imagestroingapp"
        }
      },
      "oauth_client": [
        {
          "client_id": "289716968571-asgde5hbrl9j4t4shsntu3sbb83emkh6.apps.googleusercontent.com",
          "client_type": 3
        }
      ],
      "api_key": [
        {
          "current_key": "AIzaSyAin_c9b1ZCr4FqDdjvc6ZN32-5FAko1_g"
        }
      ],
      "services": {
        "appinvite_service": {
          "other_platform_oauth_client": [
            {
              "client_id": "289716968571-asgde5hbrl9j4t4shsntu3sbb83emkh6.apps.googleusercontent.com",
              "client_type": 3
            }
          ]
        }
      }
    }
  ],
  "configuration_version": "1"
}